{
    "loss": 5.002306938171387,
    "accuracy": 0.5686274766921997
}