{
    "loss": 20.030385971069336,
    "accuracy": 0.4313725531101227
}